text,cleaned
"Selamat Hari Minggu, tetap lawan and #FreePalestine üáµüá∏!
#CabutRUUTNI
#TolakRUUPolri
#TolakRUUKUHP
#TolakRUUPenyiaran 
#SupremasiSipil
#BatalkanRUUTNI
#IndonesiaGelap 
#IndonesiaGelapJilid2","selamat hari minggu, tetap lawan and  üáµüá∏!"
"@Boediantar4 @Abe_Mukti Janganlah risau saudara. Di negara yang konon ada Pancasila, anak-anak kecil sudah jadi Wapres, Gubernur, dan Ketua Partai. Dengan jurus tipu-tolol yang disebarkan Mulyondol, nominator juara dua korupsi se-dunia, tetaplah santai.

#IndonesiaGelap","janganlah risau saudara. di negara yang konon ada pancasila, anak-anak kecil sudah jadi wapres, gubernur, dan ketua partai. dengan jurus tipu-tolol yang disebarkan mulyondol, nominator juara dua korupsi se-dunia, tetaplah santai."
"BEBASKAN 11 MASYARAKAT ADAT MABA SANGAJI
#SaveHalmahera #masyarakatadat #indonesiagelap #tolaktambang https://t.co/fZFzGJYtRs",bebaskan 11 masyarakat adat maba sangaji
"@kumparan Yang Blokir Mesjid, para para Ekstrimis... 

AstaghfirullahüéØ

#IndonesiaGelap 
#IndonesiaBebasKorupsi","yang blokir mesjid, para para ekstrimis...   astaghfirullahüéØ"
"#Asean #Wings #trending #southeastAsia #BakarSampah #IndonesiaGelapüáÆüá© #AirPollution @infoBMKG @dinaslhdki @DKIJakarta @pramonoanung 
@JSCLab 
6:15 am polusi udara sangat tinggi. Langit menjadi mendung krn asap yg sangat pekat/ tebal üò≠ü§¢üáÆüá© https://t.co/MFsijsxjDb",6:15 am polusi udara sangat tinggi. langit menjadi mendung krn asap yg sangat pekat/ tebal üò≠ü§¢üáÆüá©
@Intel_Imut @barengwarga Nih naikin lagi tagarnya #IndonesiaGelap mau apr lu,nih naikin lagi tagarnya  mau apr lu
"2. Kalau bersuara #indonesiagelap itu dibayar, berarti Indonesia sebenarnya ga gelap. Jadi fasilitas pejabat tetap mewah tapi anggaran pendidikan dan kesehatan dipangkas itu gapapa? Apa peringkat 1 pengangguran tertinggi di ASEAN itu kufur nikmat soal lapangan kerja?","2. kalau bersuara  itu dibayar, berarti indonesia sebenarnya ga gelap. jadi fasilitas pejabat tetap mewah tapi anggaran pendidikan dan kesehatan dipangkas itu gapapa? apa peringkat 1 pengangguran tertinggi di asean itu kufur nikmat soal lapangan kerja?"
"Banyak yang maki-maki selebriti yang menyuarakan #Indonesiagelap karena berasumsi kalau semuanya itu buzzer dan dibayar karena mbak MS lewat videonya dianggap mengaku jadi dalang nya. Dengan nada sangat amat lembut dan rendah hati, pertanyaan saya adalah:","banyak yang maki-maki selebriti yang menyuarakan  karena berasumsi kalau semuanya itu buzzer dan dibayar karena mbak ms lewat videonya dianggap mengaku jadi dalang nya. dengan nada sangat amat lembut dan rendah hati, pertanyaan saya adalah:"
"Tulisan Prof. Ariel pada 28 Juni 1998 ini harus dibaca dan (sayangnya) masih sangat relevan, dan bagi saya ini adalah panggilan revolusi. 

‚ÄúKarena Allah tidak akan mengubah nasib suatu kaum kecuali kaum itu sendiri yang mengubah nasibnya‚Äù ‚úäüèΩ

#MosiTidakPercaya #IndonesiaGelap https://t.co/f5UDzNQMxq","tulisan prof. ariel pada 28 juni 1998 ini harus dibaca dan (sayangnya) masih sangat relevan, dan bagi saya ini adalah panggilan revolusi.   ‚Äúkarena allah tidak akan mengubah nasib suatu kaum kecuali kaum itu sendiri yang mengubah nasibnya‚Äù ‚úäüèΩ"
"@anyonehungry @bacottetanggaid Perlu demo besar besar an lagi... 

#lindungiTessoNilo #SaveRajaAmpat #savepapua #saverajaempat #TolakODOL #daruratphk #IndonesiaGelap cc @barengwarga @aniesbaswedan @jorgianaaa @sopirgabut_ @widodogroho @prabowo @PSSI .. https://t.co/Tmt6Xkh7p2",perlu demo besar besar an lagi...          cc        ..
"Iya-iya bukan dia yg bikin konten #IndonesiaGelap, #TolakRUUTNI ,
#tolakruukejaksaan 

tapi dia yang bayar !!! 

üòÅüòÅüòÅ https://t.co/2QE0aodYda","iya-iya bukan dia yg bikin konten   ,    tapi dia yang bayar !!!   üòÅüòÅüòÅ"
"Melek Yukk,. 

#IndonesiaGelap #TolakUUTNI #SupremasiSipil #MariBangunKesadaran #TolakOkupasiTanahRakyat
#MataMuButaGunakanLampuJauhMeskiDalamKota https://t.co/oBQ8SPxTQu","melek yukk,."
"Melek Yukk,. 

#IndonesiaGelap #TolakUUTNI #SupremasiSipil #MariBangunKesadaran #TolakOkupasiTanahRakyat
#MataMuButaGunakanLampuJauhMeskiDalamKota https://t.co/zA4jPlv8Op","melek yukk,."
"Nek Coyo,.
Melek Yukk,. 

#IndonesiaGelap #TolakUUTNI #SupremasiSipil #MariBangunKesadaran #TolakOkupasiTanahRakyat
#MataMuButaGunakanLampuJauhMeskiDalamKota https://t.co/fk0wuoq4lg","nek coyo,. melek yukk,."
"Drone Kirim Narkoba Ke Lapas,. 

Bisa jdi Ke Depan, Drone Kirim Granat Medium Explosive Kerumah Pejabat Korup  üòÅüòÅüòÅ

Melek Yukk,. 

#IndonesiaGelap #TolakUUTNI #SupremasiSipil #MariBangunKesadaran #TolakOkupasiTanahRakyat
#MataMuButaGunakanLampuJauhMeskiDalamKota https://t.co/Nn0tKPeIc6","drone kirim narkoba ke lapas,.   bisa jdi ke depan, drone kirim granat medium explosive kerumah pejabat korup  üòÅüòÅüòÅ  melek yukk,."
"17 Agustus 2025
#IndonesiaGelap

Aku rasa tidak bangga jadi orang indonesia
Kebijakan yang diciptakan penjabat pada absurb yaachh. Ucap dari kata penjabat soal Hut RI ke 80: ""MAKE INDONESIA DARK AGAIN"" ~ ""MAKE INDONESIA WEAK AGAIN""
Indonesia Gelap

https://t.co/icq5iLYGRh","17 agustus 2025   aku rasa tidak bangga jadi orang indonesia kebijakan yang diciptakan penjabat pada absurb yaachh. ucap dari kata penjabat soal hut ri ke 80: ""make indonesia dark again"" ~ ""make indonesia weak again"" indonesia gelap"
"Melek Yukk,. 

#IndonesiaGelap #IndonesiaMumet #TolakUUTNI #SupremasiSipil #MariBangunKesadaran #TolakOkupasiTanahRakyat
#MataMuButaGunakanLampuJauhMeskiDalamKota https://t.co/qxnKCY0Fyh","melek yukk,."
"Melek Yukk,. 

#IndonesiaGelap #IndonesiaMumet #TolakUUTNI #SupremasiSipil #MariBangunKesadaran #TolakOkupasiTanahRakyat
#MataMuButaGunakanLampuJauhMeskiDalamKota https://t.co/a8v1tnDdX6","melek yukk,."
"Melek Yukk,. 

#IndonesiaGelap #IndonesiaMumet #TolakUUTNI #SupremasiSipil #MariBangunKesadaran #TolakOkupasiTanahRakyat
#MataMuButaGunakanLampuJauhMeskiDalamKota https://t.co/Eu4wuDqD9A","melek yukk,."
"Antrian Panjang Berarti

Jilat ny kurang Licin 

Melek Yukk,. 

#IndonesiaGelap #IndonesiaMumet #TolakUUTNI #SupremasiSipil #MariBangunKesadaran #TolakOkupasiTanahRakyat
#MataMuButaGunakanLampuJauhMeskiDalamKota https://t.co/G9yM0CXp3f","antrian panjang berarti  jilat ny kurang licin   melek yukk,."
"Melek Yukk,. 

#IndonesiaGelap #IndonesiaMumet #TolakUUTNI #SupremasiSipil #MariBangunKesadaran #TolakOkupasiTanahRakyat
#MataMuButaGunakanLampuJauhMeskiDalamKota https://t.co/sKkcc2aP07","melek yukk,."
"Melek Yukk,. 

#IndonesiaGelap #IndonesiaMumet #TolakUUTNI #SupremasiSipil #MariBangunKesadaran #TolakOkupasiTanahRakyat
#MataMuButaGunakanLampuJauhMeskiDalamKota https://t.co/r1ojMql6DB","melek yukk,."
"Melek Yukk,. 

#IndonesiaGelap #IndonesiaMumet #TolakUUTNI #SupremasiSipil #MariBangunKesadaran #TolakOkupasiTanahRakyat
#MataMuButaGunakanLampuJauhMeskiDalamKota https://t.co/LQU4pr95zc","melek yukk,."
"Agoii amang tahe

Melek Yukk,. 

#IndonesiaGelap #IndonesiaMumet #TolakUUTNI #SupremasiSipil #MariBangunKesadaran #TolakOkupasiTanahRakyat
#MataMuButaGunakanLampuJauhMeskiDalamKota https://t.co/7HDzjpw2Wq","agoii amang tahe  melek yukk,."
"Melek Yukk,. 

#IndonesiaGelap #IndonesiaMumet #TolakUUTNI #SupremasiSipil #MariBangunKesadaran #TolakOkupasiTanahRakyat
#MataMuButaGunakanLampuJauhMeskiDalamKota https://t.co/X8Oky7u9WS","melek yukk,."
"Melek Yukk,. 

#IndonesiaGelap #IndonesiaMumet #TolakUUTNI #SupremasiSipil #MariBangunKesadaran #TolakOkupasiTanahRakyat
#MataMuButaGunakanLampuJauhMeskiDalamKota https://t.co/LcVxLRxHsp","melek yukk,."
"Melek Yukk,. 

#IndonesiaGelap #IndonesiaMumet #TolakUUTNI #SupremasiSipil #MariBangunKesadaran #TolakOkupasiTanahRakyat
#MataMuButaGunakanLampuJauhMeskiDalamKota https://t.co/kUQHTfoOqV","melek yukk,."
"Melek Yukk,. 

#IndonesiaGelap #IndonesiaMumet #TolakUUTNI #SupremasiSipil #MariBangunKesadaran #TolakOkupasiTanahRakyat
#MataMuButaGunakanLampuJauhMeskiDalamKota https://t.co/Xpubx63w6n","melek yukk,."
"Melek Yukk,. 

#IndonesiaGelap #IndonesiaMumet #TolakUUTNI #SupremasiSipil #MariBangunKesadaran #TolakOkupasiTanahRakyat
#MataMuButaGunakanLampuJauhMeskiDalamKota https://t.co/vcPeBMm9UG","melek yukk,."
"Melek Yukk,. 

#IndonesiaGelap #IndonesiaMumet #TolakUUTNI #SupremasiSipil #MariBangunKesadaran #TolakOkupasiTanahRakyat
#MataMuButaGunakanLampuJauhMeskiDalamKota https://t.co/IptKbtWgho","melek yukk,."
"Melek Yukk,. 

#IndonesiaGelap #IndonesiaMumet #TolakUUTNI #SupremasiSipil #MariBangunKesadaran #TolakOkupasiTanahRakyat
#MataMuButaGunakanLampuJauhMeskiDalamKota https://t.co/uSayhCH1EI","melek yukk,."
"Melek Yukk,. 

#IndonesiaGelap #IndonesiaMumet #TolakUUTNI #SupremasiSipil #MariBangunKesadaran #TolakOkupasiTanahRakyat
#MataMuButaGunakanLampuJauhMeskiDalamKota https://t.co/gpPOxWwPnB","melek yukk,."
"Melek Yukk,. 

#IndonesiaGelap #IndonesiaMumet #TolakUUTNI #SupremasiSipil #MariBangunKesadaran #TolakOkupasiTanahRakyat
#MataMuButaGunakanLampuJauhMeskiDalamKota https://t.co/nGgH4t9bJY","melek yukk,."
"Melek Yukk,. 

#IndonesiaGelap #IndonesiaMumet #TolakUUTNI #SupremasiSipil #MariBangunKesadaran #TolakOkupasiTanahRakyat
#MataMuButaGunakanLampuJauhMeskiDalamKota https://t.co/ZSM6c8a5Og","melek yukk,."
"Melek Yukk,. 

#IndonesiaGelap #IndonesiaMumet #TolakUUTNI #SupremasiSipil #MariBangunKesadaran #TolakOkupasiTanahRakyat
#MataMuButaGunakanLampuJauhMeskiDalamKota https://t.co/MhwTjxsA6A","melek yukk,."
"Melek Yukk,. 

#IndonesiaGelap #IndonesiaMumet #TolakUUTNI #SupremasiSipil #MariBangunKesadaran #TolakOkupasiTanahRakyat
#MataMuButaGunakanLampuJauhMeskiDalamKota https://t.co/Eh9Tm65ynV","melek yukk,."
"Melek Yukk,. 

#IndonesiaGelap #IndonesiaMumet #TolakUUTNI #SupremasiSipil #MariBangunKesadaran #TolakOkupasiTanahRakyat
#MataMuButaGunakanLampuJauhMeskiDalamKota https://t.co/Uh0rbqKMmz","melek yukk,."
"Melek Yukk,. 

#IndonesiaGelap #IndonesiaMumet #TolakUUTNI #SupremasiSipil #MariBangunKesadaran #TolakOkupasiTanahRakyat
#MataMuButaGunakanLampuJauhMeskiDalamKota https://t.co/gaKDdmZ6bk","melek yukk,."
"Melek Yukk,. 

#IndonesiaGelap #IndonesiaMumet #TolakUUTNI #SupremasiSipil #MariBangunKesadaran #TolakOkupasiTanahRakyat
#MataMuButaGunakanLampuJauhMeskiDalamKota https://t.co/ogLWhuxMiu","melek yukk,."
"Melek Yukk,. 

#IndonesiaGelap #IndonesiaMumet #TolakUUTNI #SupremasiSipil #MariBangunKesadaran #TolakOkupasiTanahRakyat
#MataMuButaGunakanLampuJauhMeskiDalamKota https://t.co/IZRU94JaGG","melek yukk,."
"Melek Yukk,. 

#IndonesiaGelap #IndonesiaMumet #TolakUUTNI #SupremasiSipil #MariBangunKesadaran #TolakOkupasiTanahRakyat
#MataMuButaGunakanLampuJauhMeskiDalamKota https://t.co/I31FbcnrXh","melek yukk,."
"Melek Yukk,. 

#IndonesiaGelap #IndonesiaMumet #TolakUUTNI #SupremasiSipil #MariBangunKesadaran #TolakOkupasiTanahRakyat
#MataMuButaGunakanLampuJauhMeskiDalamKota https://t.co/fcdRq98sJR","melek yukk,."
"Melek Yukk,. 

#IndonesiaGelap #IndonesiaMumet #TolakUUTNI #SupremasiSipil #MariBangunKesadaran #TolakOkupasiTanahRakyat
#MataMuButaGunakanLampuJauhMeskiDalamKota https://t.co/5JYUQTSWg2","melek yukk,."
"Melek Yukk,. 

#IndonesiaGelap #IndonesiaMumet #TolakUUTNI #SupremasiSipil #MariBangunKesadaran #TolakOkupasiTanahRakyat
#MataMuButaGunakanLampuJauhMeskiDalamKota https://t.co/oN5fzIkwJv","melek yukk,."
"Melek Yukk,. 

#IndonesiaGelap #IndonesiaMumet #TolakUUTNI #SupremasiSipil #MariBangunKesadaran #TolakOkupasiTanahRakyat
#MataMuButaGunakanLampuJauhMeskiDalamKota https://t.co/rDCtrNgtk1","melek yukk,."
"Pukimak

Melek Yukk,. 

#IndonesiaGelap #IndonesiaMumet #TolakUUTNI #SupremasiSipil #MariBangunKesadaran #TolakOkupasiTanahRakyat
#MataMuButaGunakanLampuJauhMeskiDalamKota https://t.co/5ETkj9OXU7","pukimak  melek yukk,."
"Melek Yukk,. 

#IndonesiaGelap #IndonesiaMumet #TolakUUTNI #SupremasiSipil #MariBangunKesadaran #TolakOkupasiTanahRakyat
#MataMuButaGunakanLampuJauhMeskiDalamKota https://t.co/NcQBQar8Q3","melek yukk,."
"Melek Yukk,. 

#IndonesiaGelap #IndonesiaMumet #TolakUUTNI #SupremasiSipil #MariBangunKesadaran #TolakOkupasiTanahRakyat
#MataMuButaGunakanLampuJauhMeskiDalamKota https://t.co/zDKnZtizDL","melek yukk,."
"Melek Yukk,. 

#IndonesiaGelap #IndonesiaMumet #TolakUUTNI #SupremasiSipil #MariBangunKesadaran #TolakOkupasiTanahRakyat
#MataMuButaGunakanLampuJauhMeskiDalamKota https://t.co/xMzOJpoXQE","melek yukk,."
"Melek Yukk,. 

#IndonesiaGelap #IndonesiaMumet #TolakUUTNI #SupremasiSipil #MariBangunKesadaran #TolakOkupasiTanahRakyat
#MataMuButaGunakanLampuJauhMeskiDalamKota https://t.co/AQh0T9LRIo","melek yukk,."
"Melek Yukk,. 

#IndonesiaGelap #IndonesiaMumet #TolakUUTNI #SupremasiSipil #MariBangunKesadaran #TolakOkupasiTanahRakyat
#MataMuButaGunakanLampuJauhMeskiDalamKota https://t.co/1x1KSTY6xJ","melek yukk,."
"Melek Yukk,. 

#IndonesiaGelap #IndonesiaMumet #TolakUUTNI #SupremasiSipil #MariBangunKesadaran #TolakOkupasiTanahRakyat
#MataMuButaGunakanLampuJauhMeskiDalamKota https://t.co/R0HmlXmrZZ","melek yukk,."
"Melek Yukk,. 

#IndonesiaGelap #IndonesiaMumet #TolakUUTNI #SupremasiSipil #MariBangunKesadaran #TolakOkupasiTanahRakyat
#MataMuButaGunakanLampuJauhMeskiDalamKota https://t.co/dEOUp2NWkQ","melek yukk,."
"Melek Yukk,. 

#IndonesiaGelap #IndonesiaMumet #TolakUUTNI #SupremasiSipil #MariBangunKesadaran #TolakOkupasiTanahRakyat
#MataMuButaGunakanLampuJauhMeskiDalamKota https://t.co/QkT5HkLqsC","melek yukk,."
"Melek Yukk,. 

#IndonesiaGelap #IndonesiaMumet #TolakUUTNI #SupremasiSipil #MariBangunKesadaran #TolakOkupasiTanahRakyat
#MataMuButaGunakanLampuJauhMeskiDalamKota https://t.co/Olyl4PVNIu","melek yukk,."
"Melek Yukk,. 

#IndonesiaGelap #IndonesiaMumet #TolakUUTNI #SupremasiSipil #MariBangunKesadaran #TolakOkupasiTanahRakyat
#MataMuButaGunakanLampuJauhMeskiDalamKota https://t.co/PlQuE7na4N","melek yukk,."
"Melek Yukk,. 

#IndonesiaGelap #IndonesiaMumet #TolakUUTNI #SupremasiSipil #MariBangunKesadaran #TolakOkupasiTanahRakyat
#MataMuButaGunakanLampuJauhMeskiDalamKota https://t.co/L1rxBc3cU7","melek yukk,."
"Melek Yukk,. 

#IndonesiaGelap #IndonesiaMumet #TolakUUTNI #SupremasiSipil #MariBangunKesadaran #TolakOkupasiTanahRakyat
#MataMuButaGunakanLampuJauhMeskiDalamKota https://t.co/T1qbqoUJcs","melek yukk,."
"Melek Yukk,. 

#IndonesiaGelap #IndonesiaMumet #TolakUUTNI #SupremasiSipil #MariBangunKesadaran #TolakOkupasiTanahRakyat
#MataMuButaGunakanLampuJauhMeskiDalamKota https://t.co/gqo91BtvOL","melek yukk,."
"Melek Yukk,. 

#IndonesiaGelap #IndonesiaMumet #TolakUUTNI #SupremasiSipil #MariBangunKesadaran #TolakOkupasiTanahRakyat
#MataMuButaGunakanLampuJauhMeskiDalamKota https://t.co/WrkgRC8w2N","melek yukk,."
"Melek Yukk,. 

#IndonesiaGelap #IndonesiaMumet #TolakUUTNI #SupremasiSipil #MariBangunKesadaran #TolakOkupasiTanahRakyat
#MataMuButaGunakanLampuJauhMeskiDalamKota https://t.co/DRGYWVvsNc","melek yukk,."
"Melek Yukk,. 

#IndonesiaGelap #IndonesiaMumet #TolakUUTNI #SupremasiSipil #MariBangunKesadaran #TolakOkupasiTanahRakyat
#MataMuButaGunakanLampuJauhMeskiDalamKota https://t.co/iItsW7rugc","melek yukk,."
"Melek Yukk,. 

#IndonesiaGelap #IndonesiaMumet #TolakUUTNI #SupremasiSipil #MariBangunKesadaran #TolakOkupasiTanahRakyat
#MataMuButaGunakanLampuJauhMeskiDalamKota https://t.co/VeeavGgPgk","melek yukk,."
"Lagu ini banyak Makna,.

Melek Yukk,. 

#IndonesiaGelap #IndonesiaMumet #TolakUUTNI #SupremasiSipil #MariBangunKesadaran #TolakOkupasiTanahRakyat
#MataMuButaGunakanLampuJauhMeskiDalamKota https://t.co/1kjS8v0Zts","lagu ini banyak makna,.  melek yukk,."
"Indonesia Gelap!

#GagalkanUUTNI 
#CabutUUTNI 
#TolakUUTNI 
#TolakRevisiUUTNI 
#PeringatanDarurat 
#IndonesiaGelap 
#TolakDwifungsiABRI 
#TolakRUUPolri 
#TolakRUUKejaksaan 
#SupermasiSipil
#PerempuanMelawan
#SaveRajaAmpat 
#SavePapua",indonesia gelap!
"RUU KUHAP kembali ramai dibahas. 

#tolakruukejaksaan #kejaksaan #indonesiagelap #indonesia #dpr #mpr #presidenri #kpk #antikorupsi https://t.co/jXy6FCdWE1",ruu kuhap kembali ramai dibahas.
"RUU KUHAP kembali ramai dibahas. 

#tolakruukejaksaan #kejaksaan #indonesiagelap #indonesia #dpr #mpr #presidenri #kpk #antikorupsi https://t.co/Md9YPScVMd",ruu kuhap kembali ramai dibahas.
"RUU KUHAP kembali ramai dibahas. 

#tolakruukejaksaan #kejaksaan #indonesiagelap #indonesia #dpr #mpr #presidenri #kpk #antikorupsi https://t.co/WcIjTETA11",ruu kuhap kembali ramai dibahas.
"RUU KUHAP kembali ramai dibahas. 

#tolakruukejaksaan #kejaksaan #indonesiagelap #indonesia #dpr #mpr #presidenri #kpk #antikorupsi https://t.co/2egduEz19C",ruu kuhap kembali ramai dibahas.
"RUU KUHAP kembali ramai dibahas. 

#tolakruukejaksaan #kejaksaan #indonesiagelap #indonesia #dpr #mpr #presidenri #kpk #antikorupsi https://t.co/1gRcPpzE1I",ruu kuhap kembali ramai dibahas.
"RUU KUHAP kembali ramai dibahas. 

#tolakruukejaksaan #kejaksaan #indonesiagelap #indonesia #dpr #mpr #presidenri #kpk #antikorupsi https://t.co/baoHSdZNHM",ruu kuhap kembali ramai dibahas.
"RUU KUHAP kembali ramai dibahas. 

#tolakruukejaksaan #kejaksaan #indonesiagelap #indonesia #dpr #mpr #presidenri #kpk #antikorupsi https://t.co/sxiEEQjmFm",ruu kuhap kembali ramai dibahas.
"RUU KUHAP kembali ramai dibahas. 

#tolakruukejaksaan #kejaksaan #indonesiagelap #indonesia #dpr #mpr #presidenri #kpk #antikorupsi https://t.co/rhGwjmxynP",ruu kuhap kembali ramai dibahas.
"RUU KUHAP kembali ramai dibahas. 

#tolakruukejaksaan #kejaksaan #indonesiagelap #indonesia #dpr #mpr #presidenri #kpk #antikorupsi https://t.co/CMursIFH8y",ruu kuhap kembali ramai dibahas.
"ARTIS #IndonesiaGelap 
Akan selalu ikut menghiasi sejarah indonesia 
Maksud, tujuan dan keuntungan apa yg mereka dapat hanya TUHAN, mereka &amp; Iblis yang tau https://t.co/eqK6Qk8q6Y","artis   akan selalu ikut menghiasi sejarah indonesia  maksud, tujuan dan keuntungan apa yg mereka dapat hanya tuhan, mereka &amp; iblis yang tau"
"RUU KUHAP kembali ramai dibahas. 

#tolakruukejaksaan #kejaksaan #indonesiagelap #indonesia #dpr #mpr #presidenri #kpk #antikorupsi https://t.co/Lj3opKyVI1",ruu kuhap kembali ramai dibahas.
"RUU KUHAP kembali ramai dibahas. 

#tolakruukejaksaan #kejaksaan #indonesiagelap #indonesia #dpr #mpr #presidenri #kpk #antikorupsi https://t.co/YmELUAfzKj",ruu kuhap kembali ramai dibahas.
"RUU KUHAP kembali ramai dibahas. 

#tolakruukejaksaan #kejaksaan #indonesiagelap #indonesia #dpr #mpr #presidenri #kpk #antikorupsi https://t.co/4Wd38xtD17",ruu kuhap kembali ramai dibahas.
"RUU KUHAP kembali ramai dibahas. 

#tolakruukejaksaan #kejaksaan #indonesiagelap #indonesia #dpr #mpr #presidenri #kpk #antikorupsi https://t.co/WGyS80Ta74",ruu kuhap kembali ramai dibahas.
"RUU KUHAP kembali ramai dibahas. 

#tolakruukejaksaan #kejaksaan #indonesiagelap #indonesia #dpr #mpr #presidenri #kpk #antikorupsi https://t.co/pyhispkEyS",ruu kuhap kembali ramai dibahas.
"RUU KUHAP kembali ramai dibahas. 

#tolakruukejaksaan #kejaksaan #indonesiagelap #indonesia #dpr #mpr #presidenri #kpk #antikorupsi https://t.co/lSrf2XLQ6k",ruu kuhap kembali ramai dibahas.
"RUU KUHAP kembali ramai dibahas. 

#tolakruukejaksaan #kejaksaan #indonesiagelap #indonesia #dpr #mpr #presidenri #kpk #antikorupsi https://t.co/mw8RVDTqpD",ruu kuhap kembali ramai dibahas.
"RUU KUHAP kembali ramai dibahas. 

#tolakruukejaksaan #kejaksaan #indonesiagelap #indonesia #dpr #mpr #presidenri #kpk #antikorupsi https://t.co/khaBof8Tyn",ruu kuhap kembali ramai dibahas.
"RUU KUHAP kembali ramai dibahas. 

#tolakruukejaksaan #kejaksaan #indonesiagelap #indonesia #dpr #mpr #presidenri #kpk #antikorupsi https://t.co/kqX3ijmwpj",ruu kuhap kembali ramai dibahas.
"RUU KUHAP kembali ramai dibahas. 

#tolakruukejaksaan #kejaksaan #indonesiagelap #indonesia #dpr #mpr #presidenri #kpk #antikorupsi https://t.co/oXjhGnYBrr",ruu kuhap kembali ramai dibahas.
"RUU KUHAP kembali ramai dibahas. 

#tolakruukejaksaan #kejaksaan #indonesiagelap #indonesia #dpr #mpr #presidenri #kpk #antikorupsi https://t.co/MvpieLBwoJ",ruu kuhap kembali ramai dibahas.
"RUU KUHAP kembali ramai dibahas. 

#tolakruukejaksaan #kejaksaan #indonesiagelap #indonesia #dpr #mpr #presidenri #kpk #antikorupsi https://t.co/1ug0P04sS8",ruu kuhap kembali ramai dibahas.
"RUU KUHAP kembali ramai dibahas. 

#tolakruukejaksaan #kejaksaan #indonesiagelap #indonesia #dpr #mpr #presidenri #kpk #antikorupsi https://t.co/NV2lMwfB29",ruu kuhap kembali ramai dibahas.
"RUU KUHAP kembali ramai dibahas. 

#tolakruukejaksaan #kejaksaan #indonesiagelap #indonesia #dpr #mpr #presidenri #kpk #antikorupsi https://t.co/PvBlnrRaHU",ruu kuhap kembali ramai dibahas.
"RUU KUHAP kembali ramai dibahas. 

#tolakruukejaksaan #kejaksaan #indonesiagelap #indonesia #dpr #mpr #presidenri #kpk #antikorupsi https://t.co/KjJAyIy74M",ruu kuhap kembali ramai dibahas.
"RUU KUHAP kembali ramai dibahas. 

#tolakruukejaksaan #kejaksaan #indonesiagelap #indonesia #dpr #mpr #presidenri #kpk #antikorupsi https://t.co/jdJyxM76di",ruu kuhap kembali ramai dibahas.
"RUU KUHAP kembali ramai dibahas. 

#tolakruukejaksaan #kejaksaan #indonesiagelap #indonesia #dpr #mpr #presidenri #kpk #antikorupsi https://t.co/0ObeXunGbM",ruu kuhap kembali ramai dibahas.
"RUU KUHAP kembali ramai dibahas. 

#tolakruukejaksaan #kejaksaan #indonesiagelap #indonesia #dpr #mpr #presidenri #kpk #antikorupsi https://t.co/nlu1Aq3Hz5",ruu kuhap kembali ramai dibahas.
"Nanya dong

Emang sekarang Indonesia terang ?

Lah faktanya emang #IndonesiaGelap kok https://t.co/bQdSN1CTb9",nanya dong  emang sekarang indonesia terang ?  lah faktanya emang  kok
"RUU KUHAP kembali ramai dibahas. 

#tolakruukejaksaan #kejaksaan #indonesiagelap #indonesia #dpr #mpr #presidenri #kpk #antikorupsi https://t.co/hpKBh9LJFx",ruu kuhap kembali ramai dibahas.
"RUU KUHAP kembali ramai dibahas. 

#tolakruukejaksaan #kejaksaan #indonesiagelap #indonesia #dpr #mpr #presidenri #kpk #antikorupsi https://t.co/n37IQZzsC0",ruu kuhap kembali ramai dibahas.
"RUU KUHAP kembali ramai dibahas. 

#tolakruukejaksaan #kejaksaan #indonesiagelap #indonesia #dpr #mpr #presidenri #kpk #antikorupsi https://t.co/Xr1rBkLBJY",ruu kuhap kembali ramai dibahas.
"RUU KUHAP kembali ramai dibahas. 

#tolakruukejaksaan #kejaksaan #indonesiagelap #indonesia #dpr #mpr #presidenri #kpk #antikorupsi https://t.co/Gf9YU0O9Rl",ruu kuhap kembali ramai dibahas.
@xquitavee Semoga bapak Anies Rasyid Baswedan sehat selalu dan senantiasa dlm lindungan Allah Azza Wa Jalla. Agar dpt menyaksikan runtuhnya kekuasaan dan keserakahan mulyono dan antek2nya. Aamiin Ya Rabb #IndonesiaGelap agar kembali #IndonesiaTerang,semoga bapak anies rasyid baswedan sehat selalu dan senantiasa dlm lindungan allah azza wa jalla. agar dpt menyaksikan runtuhnya kekuasaan dan keserakahan mulyono dan antek2nya. aamiin ya rabb  agar kembali
@triwul82 Semoga para pelaku dpt karma yg setimpal #indonesiagelap,semoga para pelaku dpt karma yg setimpal
